{
  "devices": [
    "cuda:0",
    "cuda:1"
  ],
  "cases": [
    {
      "n_devices": 1,
      "pcg_n": 1000000,
      "pcg_ms": 31.56684502027929,
      "tri_cols": 2048,
      "tri_ms": 3.8570364704355597,
      "tri_grad_ms": 8.307851036079228
    },
    {
      "n_devices": 2,
      "pcg_n": 2000000,
      "pcg_ms": 31.360107997898012,
      "tri_cols": 4096,
      "tri_ms": 7.804261054843664,
      "tri_grad_ms": 13.236441533081234
    }
  ]
}
